Time [s],AmbientAirTemperature [C],AcceleratorPedalPosition [%],VehicleAcceleration [m/s^2],TotalVehicleDistance [km],VehicleSpeed [kph],CruiseControlActive,MotorSpeed [rpm],RegenTorqueAvailable [Nm],TractionTorqueAvailable [Nm],BatteryMinVoltage [V],BatteryMaxVoltage [V],CommandedMotorTorque [Nm],BatteryVoltage [V],BatteryCurrent [A],BatterySOC [%],BatterySOH [%],BatteryMaxSOC [%],BatteryMinSOC [%],BrakePedalActive,BatteryMaxEnergy [kWh],BatteryEnergy_calc [kWh],MotorPower_calc [kW]
0,25.40625,47.2,-0.659664,17838.29,88.160156,0,2671,894.25,775.25,450,690,365.125,608,701,63,95,100,8,0,141,88.83,426.208
0.1,25.40625,47.2,-0.563231,17838.29176,88.166532,0,2673,893.25,774.625,450,690,358.698809,608,701,63,95,100,8,0,141,88.83,426.208
0.2,25.40625,50,-0.471416,17838.295946,88.30902,0,2673,892.875,774.410508,450,690,352.350635,608,701,63,95,100,8,0,141,88.83,426.208
0.3,25.40625,48.8,-0.421092,17838.300066,88.43716,0,2664,893.75,775.5,450,690,348.549603,608,701,63,95,100,8,0,141,88.83,426.208
0.4,25.40625,46,-0.289547,17838.302148,88.453786,0,2681,894.173606,776.067705,450,690,346.9004,608,701,63,95,100,8,0,141,88.83,426.208
0.5,25.40625,46.717624,-0.28095,17838.30423,88.315014,0,2666,891.705559,774.025466,450,690,343.599619,608,707,63,95,100,8,0,141,88.83,429.856
0.6,25.40625,52.995767,-0.180913,17838.306317,88.382398,0,2684,892.02153,774.372108,450,690,339.974231,608,714,63,95,100,8,0,141,88.83,434.112
0.7,25.40625,58.263687,-0.08984,17838.308405,88.463753,0,2668,892.979868,775.375841,450,690,342.707419,607,722,63,95,100,8,0,141,88.83,438.254
0.8,25.40625,64.250368,-0.050967,17838.31,88.496404,0,2680,892.359442,775.425831,450,690,356.905763,607,729,63,95,100,8,0,141,88.83,442.503
0.9,25.40625,66.706308,0.041306,17838.310822,88.445494,0,2677,890.848622,774.835432,450,690,378.102751,607,736,63,95,100,8,0,141,88.83,446.752
1,25.40625,74.345946,0.159672,17838.314401,88.433594,0,2680,892.054037,775.964518,450,690,403.249599,607,743,63,95,100,8,0,141,88.83,451.001
1.1,25.40625,80.8,0.109867,17838.316732,88.478208,0,2684,887.375,772,450,690,429.748231,607,750,63,95,100,8,0,141,88.83,455.25
1.2,25.40625,82,0.158506,17838.318811,88.6211,0,2685,891.3167,775.201416,450,690,456.797717,606,758,63,95,100,8,0,141,88.83,459.348
1.3,25.40625,82,0.120859,17838.321789,88.658085,0,2681,888.720573,772.595573,450,690,484.367842,606,765,63,95,100,8,0,141,88.83,463.59
1.4,25.40625,82,-0.104999,17838.325965,88.68907,0,2695,886.271433,770.222622,450,690,511.92351,606,772,63,95,100,8,0,141,88.83,467.832
1.5,25.40625,82,-0.04317,17838.33007,88.753819,0,2689,886.916882,770.395941,450,690,538.88301,605,781,63,95,100,8,0,141,88.83,472.505
1.6,25.40625,82,0.019535,17838.332151,88.899108,0,2698,884.25,767.690976,450,690,566.188247,604,790,63,95,100,8,0,141,88.83,477.16
1.7,25.40625,82,-0.080813,17838.334233,88.90299,0,2700,885.25,768.138069,450,690,593.112418,603,799,63,95,100,8,0,141,88.83,481.797
1.8,25.40625,82,-0.108637,17838.335,89.04489,0,2705,883.178808,766.178808,450,690,620.32324,602,809,63,95,100,8,0,141,88.83,487.018
1.9,25.40625,82,-0.208246,17838.336114,89.08725,0,2706,881.375,632.934357,450,690,647.163399,601,818,63,95,100,8,0,141,88.83,491.618
2,25.40625,82,-0.100827,17838.340484,89.235749,0,2710,881.105728,633.038275,450,690,670.503314,600,827,63,95,100,8,0,141,88.83,496.2
2.1,25.40625,82,-0.108639,17838.342569,89.245747,0,2712,880.764704,630.922812,450,690,684.571854,599,836,63,95,100,8,0,141,88.83,500.764
2.2,25.40625,82,-0.129879,17838.344655,89.32925,0,2717,878.298637,630.687266,450,690,689.96948,598,845,63,95,100,8,0,141,88.83,505.31
2.3,25.40625,82,-0.10082,17838.346734,89.563073,0,2726,877.29075,626.754123,450,690,681.823244,597,855,63,95,100,8,0,141,88.83,510.435
2.4,25.40625,82,0.018381,17838.348813,89.784721,0,2713,878.648458,630.121037,450,690,663.72349,596,864,63,95,100,8,0,141,88.83,514.944
2.5,25.40625,82,0.040765,17838.351791,89.79166,0,2732,874.328398,624.929006,450,690,647.086724,596,865,63,95,100,8,0,141,88.83,515.54
2.6,25.40625,82,0.109867,17838.355968,89.826935,0,2729,875.375,628.109959,450,690,637.4812,596,865,63,95,100,8,0,141,88.83,515.54
2.7,25.40625,82,0.118474,17838.36,89.84571,0,2735,873.25,626.637998,450,690,632.561707,596,864,63,95,100,8,0,141,88.83,514.944
2.8,25.40625,82,0.160886,17838.36,90.075731,0,2738,872.355347,624.674132,450,690,629.845558,596,864,63,95,100,8,0,141,88.83,514.944
2.9,25.40625,82,0.111023,17838.362032,90.313533,0,2733,873.25,624.392265,450,690,628.270879,596,864,63,95,100,8,0,141,88.83,514.944
3,25.40625,82,0.111024,17838.366329,90.312441,0,2742,869.875,623.388591,450,690,627.145593,595,864,63,95,100,8,0,141,88.83,514.08
3.1,25.40625,82,0.068585,17838.368429,90.431928,0,2748,870.54094,622.516657,450,690,626.145146,595,864,63,95,100,8,0,141,88.83,514.08
3.2,25.40625,82,0.087477,17838.370522,90.553375,0,2750,866.625,622.580273,450,690,625.196866,595,863,63,95,100,8,0,141,88.83,513.485
3.3,25.408188,82,0.002357,17838.372591,90.705413,0,2742,871.348984,622.708127,450,690,624.19804,595,863,63,95,100,8,0,141,88.83,513.485
3.4,25.434286,79.2,-0.08984,17838.37466,90.727909,0,2760,863.75,618.060148,450,690,623.447442,595,863,63,95,100,8,0,141,88.83,513.485
3.5,25.460385,79.2,-0.048565,17838.376737,90.900414,0,2757,868.579653,621.046528,450,690,622.520733,595,863,63,95,100,8,0,141,88.83,513.485
3.6,25.46875,78,-0.196075,17838.378816,90.970047,0,2769,859.279209,616.521043,450,690,621.696942,595,862,63,95,100,8,0,141,88.83,512.89
3.7,25.46875,74.248095,-0.180912,17838.380989,91.024985,0,2747,869.805252,632.388971,450,690,620.696866,595,862,63,95,100,8,0,141,88.83,512.89
3.8,25.46875,72.8,-0.231342,17838.383284,91.106124,0,2774,858.847,614.233249,450,690,620.447509,595,861,63,95,100,8,0,141,88.83,512.295
3.9,25.46875,72,-0.199703,17838.390065,91.098267,0,2772,863.915518,616.056467,450,690,620.071795,595,861,63,95,100,8,0,141,88.83,512.295
4,25.46875,72,-0.219723,17838.392147,91.315713,0,2775,858.5,616.518009,450,690,619.572397,595,861,63,95,100,8,0,141,88.83,512.295
4.1,25.46875,72,-0.229977,17838.394229,91.568401,0,2775,860.875,614.524795,450,690,618.822078,595,860,63,95,100,8,0,141,88.83,511.7
4.2,25.46875,63.894494,-0.202044,17838.396324,91.576721,0,2779,859.982311,614.035082,450,690,615.345727,595,860,63,95,100,8,0,141,88.83,511.7
4.3,25.46875,63.2,-0.129879,17838.398427,91.665062,0,2785,859.783702,630.779869,450,690,596.241013,595,859,63,95,100,8,0,141,88.83,511.105
4.4,25.46875,70.161564,-0.182004,17838.401044,91.656995,0,2784,854.414546,658.05648,450,690,570.940318,595,859,63,95,100,8,0,141,88.83,511.105
4.5,25.46875,73.935257,-0.049801,17838.405183,91.768287,0,2784,858.778778,694.187943,450,690,554.938353,595,860,63,95,100,8,0,141,88.83,511.7
4.6,25.46875,79.2,-0.059567,17838.409322,91.883064,0,2792,854.922253,723.487087,450,690,554.160757,595,860,63,95,100,8,0,141,88.83,511.7
4.7,25.46875,79.2,-0.009762,17838.411738,92.089237,0,2783,857.084426,740.334426,450,690,566.420113,595,861,63,95,100,8,0,141,88.83,512.295
4.8,25.46875,73.837947,4e-06,17838.413817,92.210402,0,2801,852.983762,737.491881,450,690,585.877274,595,861,63,95,100,8,0,141,88.83,512.295
4.9,25.46875,72.295094,0.008634,17838.411151,92.19781,0,2794,853.474072,737.737036,450,690,599.125701,595,862,63,95,100,8,0,141,88.83,512.89
5,25.46875,74,0.019535,17838.415685,92.259295,0,2807,851.231994,735.356994,450,690,604.965089,595,863,63,95,100,8,0,141,88.83,513.485
5.1,25.46875,74,4e-06,17838.4201,92.32238,0,2803,850.375,608.911303,450,690,606.125,595,863,63,95,100,8,0,141,88.83,513.485
5.2,25.46875,75.2,4e-06,17838.422173,92.589904,0,2810,851.970606,603.568586,450,690,606.303537,595,864,63,95,100,8,0,141,88.83,514.08
5.3,25.46875,76.507962,0.039554,17838.424245,92.731702,0,2805,846.512166,606.576334,450,690,605.892211,595,864,63,95,100,8,0,141,88.83,514.08
5.4,25.46875,76.8,0.079593,17838.427669,92.795747,0,2806,851.625,611.890715,450,690,606.590632,595,865,63,95,100,8,0,141,88.83,514.675
5.5,25.46875,74.47075,-0.018404,17838.431868,92.668991,0,2823,848.3719,600.93905,450,690,608.912832,595,865,63,95,100,8,0,141,88.83,514.675
5.6,25.46875,72.8,-0.10986,17838.435525,92.657218,0,2824,843.266657,602.866636,450,690,608.654744,595,865,63,95,100,8,0,141,88.83,514.675
5.7,25.46875,74,-0.119625,17838.437594,92.90191,0,2822,847.525884,602.724116,450,690,606.76687,595,864,63,95,100,8,0,141,88.83,514.08
5.8,25.46875,74,-0.179684,17838.439662,93.089111,0,2821,845.875,602.179635,450,690,605.51572,595,864,63,95,100,8,0,141,88.83,514.08
5.9,25.46875,74,-0.060744,17838.440696,93.065824,0,2808,847.051085,609.499774,450,690,604.570956,595,864,62,95,100,8,0,141,87.42,514.08
6,25.46875,72.8,0.001128,17838.443439,93.077757,0,2839,843.440608,598.480203,450,690,603.765262,595,864,62,95,100,8,0,141,87.42,514.08
6.1,25.46875,72.8,0.028616,17838.445904,93.156917,0,2823,843.584152,601.861384,450,690,602.139705,595,864,62,95,100,8,0,141,87.42,514.08
6.2,25.46875,74,0.089847,17838.448003,93.321092,0,2836,842.04721,598.29721,450,690,601.140743,595,863,62,95,100,8,0,141,87.42,513.485
6.3,25.46875,74,0.169925,17838.4502,93.364616,0,2826,844,602.048383,450,690,600.070008,595,863,62,95,100,8,0,141,87.42,513.485
6.4,25.46875,74,0.168688,17838.454347,93.416212,0,2842,841.799409,597.136682,450,690,599.945402,595,863,62,95,100,8,0,141,87.42,513.485
6.5,25.46875,74,0.250004,17838.458493,93.533627,0,2840,839.112153,598.355221,450,690,598.891262,595,863,62,95,100,8,0,141,87.42,513.485
6.6,25.46875,74,0.398732,17838.461326,93.776852,0,2840,840.80321,597.06926,450,690,597.945048,595,863,62,95,100,8,0,141,87.42,513.485
6.7,25.46875,74,0.548639,17838.46341,93.77783,0,2841,842,602.400553,450,690,597.75,595,864,62,95,100,8,0,141,87.42,514.08
6.8,25.46875,72.8,0.558437,17838.465,93.726313,0,2845,837.269789,597.269789,450,690,597.388237,595,864,62,95,100,8,0,141,87.42,514.08
6.9,25.46875,72.8,0.548645,17838.465844,93.783215,0,2858,837.02825,593.819563,450,690,596.194918,595,864,62,95,100,8,0,141,87.42,514.08
7,25.46875,79.2,0.68842,17838.469416,93.935304,0,2848,836.276952,594.375,450,690,595,595,864,62,95,100,8,0,141,87.42,514.08
7.1,25.46875,79.2,0.738406,17838.471729,94.240373,0,2846,838,595.457364,450,690,595.805069,595,864,62,95,100,8,0,141,87.42,514.08
7.2,25.46875,79.2,0.748617,17838.473796,94.358878,0,2868,834.341071,591.809376,450,690,596.5,595,865,62,95,100,8,0,141,87.42,514.675
7.3,25.46875,79.2,0.869632,17838.476754,94.322634,0,2851,836.048138,594.788431,450,690,596.069435,595,865,62,95,100,8,0,141,87.42,514.675
7.4,25.46875,79.2,0.739749,17838.480955,94.24148,0,2865,833.25,591.321648,450,690,595.194372,595,865,62,95,100,8,0,141,87.42,514.675
7.5,25.46875,79.2,0.698428,17838.485078,94.358829,0,2870,832.578893,591.316086,450,690,594.443825,595,865,62,95,100,8,0,141,87.42,514.675
7.6,25.46875,79.2,0.7088,17838.48716,94.412671,0,2859,834.394979,592.539959,450,690,593.819413,595,865,62,95,100,8,0,141,87.42,514.675
7.7,25.46875,79.2,0.661933,17838.489243,94.56164,0,2875,830.652926,589.291223,450,690,593.068982,595,865,62,95,100,8,0,141,87.42,514.675
7.8,25.46875,78,0.519535,17838.49,94.638599,0,2856,834.479051,594.035146,450,690,592.443836,595,865,62,95,100,8,0,141,87.42,514.675
7.9,25.46875,78,0.453137,17838.492323,94.72914,0,2884,829.54,586.56125,450,690,592.068517,595,865,62,95,100,8,0,141,87.42,514.675
8,25.46875,79.308254,0.233357,17838.500494,94.732816,0,2861,829.792689,591.142075,450,690,591.5,594,865,62,95,100,8,0,141,87.42,513.81
8.1,25.46875,80,0.149906,17838.502577,94.813825,0,2881,831.32673,587.627884,450,690,591,594,865,62,95,100,8,0,141,87.42,513.81
8.2,25.46875,80.8,0.072986,17838.504661,94.90646,0,2877,828.571966,587.25,450,690,590.568052,594,865,62,95,100,8,0,141,87.42,513.81
8.3,25.46875,80.8,-0.088687,17838.50674,95.03875,0,2881,827.828738,588.314951,450,690,590.125,594,865,62,95,100,8,0,141,87.42,513.81
8.4,25.46875,80.8,-0.087231,17838.508818,95.121271,0,2879,828.875,589.015441,450,690,589.443322,594,865,62,95,100,8,0,141,87.42,513.81
8.5,25.46875,80.8,0.017877,17838.510901,95.106961,0,2889,827.639007,584.847518,450,690,588.942956,594,865,62,95,100,8,0,141,87.42,513.81
8.6,25.46875,80.8,0.030887,17838.512989,95.059557,0,2888,825.625,585.488231,450,690,588.386208,594,865,62,95,100,8,0,141,87.42,513.81
8.7,25.46875,80.8,-0.057257,17838.515104,95.017736,0,2885,828.207105,586.310657,450,690,587.692908,594,865,62,95,100,8,0,141,87.42,513.81
8.8,25.46875,80.8,0.028197,17838.517908,95.064143,0,2892,825.49133,585.03468,450,690,587.25,594,865,62,95,100,8,0,141,87.42,513.81
8.9,25.46875,80.8,0.077296,17838.52,95.282654,0,2883,825.599606,586.235333,450,690,586.943046,594,865,62,95,100,8,0,141,87.42,513.81
9,25.46875,80.8,0.159672,17838.522672,95.492671,0,2895,826.856184,584.498323,450,690,586.5,594,864,62,95,100,8,0,141,87.42,513.216
9.1,25.46875,80.8,0.23975,17838.526871,95.533393,0,2889,825.281044,585.638465,450,690,586.375,594,864,62,95,100,8,0,141,87.42,513.216
9.2,25.46875,80.8,0.229984,17838.530529,95.394901,0,2900,824.814715,582.399525,450,690,586.25,594,864,62,95,100,8,0,141,87.42,513.216
9.3,25.46875,80.8,0.21973,17838.532608,95.380773,0,2901,822.638832,582.652665,450,690,585.942994,594,864,62,95,100,8,0,141,87.42,513.216
9.4,25.46875,80.8,0.102973,17838.534686,95.567565,0,2897,823.201311,581.048689,450,690,585.5,594,864,62,95,100,8,0,141,87.42,513.216
9.5,25.46875,80.8,0.039554,17838.536758,95.702899,0,2883,825.503012,590.262046,450,690,584.942825,594,864,62,95,100,8,0,141,87.42,513.216
9.6,25.46875,78,0.250066,17838.538828,95.603567,0,2911,823.657463,579.208955,450,690,584.5,594,864,62,95,100,8,0,141,87.42,513.216
9.7,25.46875,78,0.156569,17838.540996,95.539838,0,2900,823.449407,581.227667,450,690,584.25,594,864,62,95,100,8,0,141,87.42,513.216
9.8,25.46875,79.266824,-0.256765,17838.54329,95.687104,0,2903,820.197161,581.572161,450,690,583.875,594,864,62,95,100,8,0,141,87.42,513.216
9.9,25.46875,80,-0.259762,17838.55007,95.834749,0,2903,824.312056,581.528806,450,690,583.5,594,864,62,95,100,8,0,141,87.42,513.216
10,25.46875,80,-0.346297,17838.552152,95.938474,0,2908,821.25,581.780191,450,690,583.375,594,865,62,95,100,8,0,141,87.42,513.81
10.1,25.46875,80,-0.535597,17838.554233,95.983025,0,2904,821.36107,583.458766,450,690,582.942078,594,865,62,95,100,8,0,141,87.42,513.81
10.2,25.46875,78,-0.557554,17838.557658,95.828852,0,2910,820.673036,581.605891,450,690,582.5,594,865,62,95,100,8,0,141,87.42,513.81
10.3,25.46875,78,-0.611051,17838.561866,95.730965,0,2910,820.625,578.974339,450,690,582.125,594,865,62,95,100,8,0,141,87.42,513.81
10.4,25.46875,78,-0.631791,17838.565531,95.815773,0,2912,816.633797,579.154868,450,690,581.816198,594,865,62,95,100,8,0,141,87.42,513.81
10.5,25.46875,78,-0.580767,17838.567611,95.954097,0,2907,823,579.188111,450,690,581.067308,594,865,62,95,100,8,0,141,87.42,513.81
10.6,25.46875,80,-0.421474,17838.569692,96.120111,0,2917,817.75,578.894357,450,690,580.691136,594,865,62,95,100,8,0,141,87.42,513.81
10.7,25.46875,80.8,-0.349606,17838.571763,96.145181,0,2912,819.375,579.359302,450,690,580.316692,594,865,62,95,100,8,0,141,87.42,513.81
10.8,25.46875,80.8,-0.349606,17838.573833,96.283638,0,2918,817.770245,578.300613,450,690,579.875,594,865,62,95,100,8,0,141,87.42,513.81
10.9,25.46875,80.8,-0.288316,17838.575583,96.341299,0,2922,817.75,576.041967,450,690,579.5,594,865,62,95,100,8,0,141,87.42,513.81
11,25.46875,80.8,-0.248379,17838.57785,96.328105,0,2925,815.625,575.533461,450,690,579.191235,594,865,62,95,100,8,0,141,87.42,513.81
11.1,25.46875,80.8,-0.211045,17838.580214,96.397291,0,2923,816.957232,575.906294,450,690,578.69073,594,865,62,95,100,8,0,141,87.42,513.81
11.2,25.46875,80.8,-0.132729,17838.584358,96.536596,0,2929,815.490571,575.933999,450,690,578.125,594,865,62,95,100,8,0,141,87.42,513.81
11.3,25.46875,80.8,-0.119625,17838.588501,96.651809,0,2928,813.875,576.621312,450,690,577.566098,594,865,62,95,100,8,0,141,87.42,513.81
11.4,25.46875,80.8,-0.119625,17838.591341,96.694583,0,2925,816,575.589847,450,690,577.065949,594,865,62,95,100,8,0,141,87.42,513.81
11.5,25.46875,79.48907,-0.137393,17838.593441,96.689229,0,2934,814.562256,574.10858,450,690,576.690696,594,861,62,95,100,8,0,141,87.42,511.434
11.6,25.46875,76.8,-0.354774,17838.595536,96.610371,0,2940,811.75,573.341682,450,690,576.375,594,856,62,95,100,8,0,141,87.42,508.464
11.7,25.46875,76,-0.298621,17838.597615,96.701333,0,2935,813.375,572.875,450,690,575.940865,594,852,62,95,100,8,0,141,87.42,506.088
11.8,25.46875,73.560533,-0.357794,17838.599694,96.888694,0,2939,812.75,573.344089,450,690,575.440481,594,847,62,95,100,8,0,141,87.42,503.118
11.9,25.46875,68.720236,-0.35872,17838.600707,96.974046,0,2930,812.629355,574.125,450,690,574.940916,594,843,62,95,100,8,0,141,87.42,500.742
12,25.46875,66.726636,-0.506301,17838.603452,97.087296,0,2958,809.586616,568.692171,450,690,573.890583,594,838,62,95,100,8,0,141,87.42,497.772
12.1,25.46875,60.704829,-0.558256,17838.606829,97.177563,0,2928,811.899127,587.059771,450,690,562.148305,594,833,62,95,100,8,0,141,87.42,494.802
12.2,25.46875,51.758051,-0.725847,17838.611026,97.197935,0,2960,809.835808,615.43683,450,690,533.068438,594,829,62,95,100,8,0,141,87.42,492.426
12.3,25.46875,50,-0.788453,17838.615111,97.126047,0,2933,811.625529,647.502114,450,690,482.464691,594,824,62,95,100,8,0,141,87.42,489.456
12.4,25.46875,52.951732,-0.821124,17838.617193,97.223221,0,2956,808.09427,673.590112,450,690,434.767759,594,820,62,95,100,8,0,141,87.42,487.08
12.5,25.46875,55.2,-0.563345,17838.619275,97.324145,0,2926,814.709352,699.528627,450,690,404.528472,595,814,62,95,100,8,0,141,87.42,484.33
12.6,25.46875,55.2,-0.628472,17838.622718,97.238595,0,2960,806.689629,694.267221,450,690,390.164753,596,809,62,95,100,8,0,141,87.42,482.164
12.7,25.46875,55.2,-0.659664,17838.626886,97.262007,0,2937,813,700.521551,450,690,382.827302,597,804,62,95,100,8,0,141,87.42,479.988
12.8,25.46875,55.2,-0.611131,17838.63,97.440689,0,2948,807.5,696.691974,450,690,380.131845,597,798,62,95,100,8,0,141,87.42,476.406
12.9,25.46875,55.2,-0.383113,17838.630903,97.501367,0,2941,812.25,701,450,690,378.565211,598,793,62,95,100,8,0,141,87.42,474.214
13,25.46875,59.443666,-0.269527,17838.63448,97.50128,0,2953,808.625,698.25,450,690,378.25,599,788,62,95,100,8,0,141,87.42,472.012
13.1,25.46875,65.278416,-0.259762,17838.636777,97.480392,0,2948,809.125,698.875,450,690,381.347326,600,782,62,95,100,8,0,141,87.42,469.2
13.2,25.46875,67.2,-0.113579,17838.638856,97.533107,0,2948,809.625,699.75,450,690,393.706009,601,777,62,95,100,8,0,141,87.42,466.977
13.3,25.46875,59.378423,-0.039547,17838.641879,97.415039,0,2953,808.069297,698.888594,450,690,412.325914,602,772,62,95,100,8,0,141,87.42,464.744
13.4,25.46875,45.898211,0.088556,17838.646054,97.433149,0,2951,809.125,699.5,450,690,419.589679,603,767,62,95,100,8,0,141,87.42,462.501
13.5,25.46875,44.525531,0.189945,17838.650114,97.568042,0,2950,807.293616,696.375,450,690,395.573909,603,761,62,95,100,8,0,141,87.42,458.883
13.6,25.46875,47.231034,0.259769,17838.652196,97.646599,0,2951,811.480169,698.980169,450,690,362.719179,604,754,62,95,100,8,0,141,87.42,455.416
13.7,25.46875,51.2,0.289554,17838.654277,97.679638,0,2948,807.949907,696.21243,450,690,339.97883,604,748,62,95,100,8,0,141,87.42,451.792
13.8,25.46875,50.814572,0.308046,17838.655,97.663563,0,2946,810.125,698.911255,450,690,328.267619,604,742,62,95,100,8,0,141,87.42,448.168
13.9,25.46875,48.282542,0.251105,17838.656223,97.506354,0,2956,808.561648,698.514986,450,690,323.256746,604,736,62,95,100,8,0,141,87.42,444.544
14,25.46875,48,0.181694,17838.66053,97.520823,0,2949,808.010345,698.395691,450,690,320.130018,605,730,62,95,100,8,0,141,87.42,441.65
14.1,25.46875,47.2,0.179691,17838.662615,97.6314,0,2946,809.625,700.055799,450,690,317.63033,605,724,62,95,100,8,0,141,87.42,438.02
14.2,25.46875,46,0.281433,17838.6647,97.688735,0,2954,810.24582,700.74582,450,690,314.878964,605,718,62,95,100,8,0,141,87.42,434.39
14.3,25.46875,47.2,0.150975,17838.668559,97.593655,0,2945,808.254319,699.107766,450,690,311.009699,606,712,62,95,100,8,0,141,87.42,431.472
14.4,25.46875,48.33246,0.049808,17838.672715,97.504668,0,2948,809.125,699.942365,450,690,307.878134,606,706,62,95,100,8,0,141,87.42,427.836
14.5,25.46875,50,-0.061107,17838.675941,97.53538,0,2950,809.89978,700.64978,450,690,306.18847,606,706,62,95,100,8,0,141,87.42,427.836
14.6,25.46875,52.8,-0.100979,17838.67803,97.533002,0,2944,809.625,700.661349,450,690,306.373505,606,708,62,95,100,8,0,141,87.42,429.048
14.7,25.46875,53.598501,-0.188744,17838.680159,97.501154,0,2948,810.514909,701.639909,450,690,309.873148,606,709,62,95,100,8,0,141,87.42,429.654
14.8,25.46875,52.8,-0.405983,17838.682944,97.486062,0,2948,809.125,700.75,450,690,315.30023,606,710,62,95,100,8,0,141,87.42,430.26
14.9,25.46875,52.8,-0.459957,17838.685,97.460947,0,2942,810.680782,701.986563,450,690,320.369904,606,712,62,95,100,8,0,141,87.42,431.472
15,25.46875,52.99642,-0.468288,17838.687735,97.380108,0,2948,809.625,701.125,450,690,324.620923,606,713,62,95,100,8,0,141,87.42,432.078
15.1,25.46875,54.769943,-0.489742,17838.691916,97.383943,0,2944,810.168696,701.521848,450,690,328.125399,606,715,62,95,100,8,0,141,87.42,433.29
15.2,25.46875,56,-0.526673,17838.695545,97.413695,0,2944,810.259354,701.634354,450,690,332.691988,606,716,62,95,100,8,0,141,87.42,433.896
15.3,25.46875,56,-0.560692,17838.697624,97.427795,0,2943,810.125,701.625,450,690,338.988323,606,717,62,95,100,8,0,141,87.42,434.502
15.4,25.46875,56.125973,-0.461076,17838.699703,97.386596,0,2952,810.641086,702.104781,450,690,345.686856,606,719,62,95,100,8,0,141,87.42,435.714
15.5,25.46875,56.8,-0.469723,17838.701782,97.382174,0,2944,808.939571,700.564571,450,690,352.120325,606,721,62,95,100,8,0,141,87.42,436.926
15.6,25.46875,55.871224,-0.42121,17838.703862,97.44286,0,2937,812.25,703.260355,450,690,357.877974,606,724,62,95,100,8,0,141,87.42,438.744
15.7,25.46875,53.60207,-0.340953,17838.706034,97.426481,0,2956,807.638326,699.263326,450,690,361.875715,605,727,62,95,100,8,0,141,87.42,439.835
15.8,25.46875,54,-0.23109,17838.708318,97.355321,0,2937,813.301783,703.926783,450,690,363.313345,605,730,62,95,100,8,0,141,87.42,441.65
15.9,25.46875,54.803676,-0.219723,17838.715109,97.2164,0,2952,808,699.25,450,690,364.25,605,732,62,95,100,8,0,141,87.42,442.86
16,25.46875,55.629688,-0.151687,17838.71718,97.282438,0,2944,810.75,701.5,450,690,364.187479,605,735,62,95,100,8,0,141,87.42,444.675
16.1,25.46875,59.2,-0.050915,17838.719252,97.591938,0,2947,809.875,700.75,450,690,365.877486,605,738,62,95,100,8,0,141,87.42,446.49
16.2,25.46875,59.2,0.049808,17838.722689,97.489802,0,2934,811.895604,702.645604,450,690,370.692516,604,740,62,95,100,8,0,141,87.42,446.96
16.3,25.46875,59.2,4e-06,17838.726897,97.35413,0,2963,808.07626,699.529652,450,690,377.069898,604,743,62,95,100,8,0,141,87.42,448.772
16.4,25.46875,59.2,4e-06,17838.730547,97.447291,0,2936,811.291558,702.145779,450,690,381.883487,604,746,62,95,100,8,0,141,87.42,450.584
16.5,25.46875,59.2,-0.048249,17838.732628,97.487802,0,2955,808.263205,699.444102,450,690,386.62738,604,746,62,95,100,8,0,141,87.42,450.584
16.6,25.46875,59.2,-0.13854,17838.734708,97.498837,0,2940,810.677952,701.302952,450,690,389.818949,604,746,62,95,100,8,0,141,87.42,450.584
16.7,25.46875,56.152005,-0.30728,17838.736787,97.420068,0,2956,809.037801,699.787801,450,690,392.751813,604,746,62,95,100,8,0,141,87.42,450.584
16.8,25.46875,52.141223,-0.312503,17838.738866,97.392849,0,2938,809.162974,699.65348,450,690,392.556474,604,746,62,95,100,8,0,141,87.42,450.584
16.9,25.46875,53.601237,-0.318743,17838.740601,97.517434,0,2962,808.724959,698.974959,450,690,388.488765,604,746,62,95,100,8,0,141,87.42,450.584
17,25.46875,56,-0.448518,17838.742868,97.569032,0,2935,809.916143,699.75475,450,690,383.432533,603,746,62,95,100,8,0,141,87.42,449.838
17.1,25.46875,55.474812,-0.498855,17838.745247,97.504066,0,2952,810.358102,700.358102,450,690,381.247199,603,746,62,95,100,8,0,141,87.42,449.838
17.2,25.46875,52.8,-0.58984,17838.74941,97.32112,0,2951,808.125,698.5,450,690,379.809349,603,746,62,95,100,8,0,141,87.42,449.838
17.3,25.46875,52.269388,-0.657438,17838.753573,97.383632,0,2947,810.125,700.25,450,690,377.683739,603,746,62,95,100,8,0,141,87.42,449.838
17.4,25.46875,52,-0.717995,17838.756374,97.388368,0,2945,809.326145,699.576145,450,690,374.742507,603,746,62,95,100,8,0,141,87.42,449.838
17.5,25.46875,52,-0.669918,17838.758465,97.44047,0,2952,808.831599,699.103299,450,690,370.991196,603,741,62,95,100,8,0,141,87.42,446.823
17.6,25.46875,52,-0.598316,17838.760552,97.492948,0,2941,810.57665,700.643866,450,690,367.110785,603,736,62,95,100,8,0,141,87.42,443.808
17.7,25.46875,48.701273,-0.441169,17838.762631,97.532666,0,2946,808.625,699.125,450,690,363.612663,604,730,62,95,100,8,0,141,87.42,440.92
17.8,25.46875,44.8,-0.448296,17838.76471,97.519107,0,2958,808.902598,699.189665,450,690,356.345079,604,725,62,95,100,8,0,141,87.42,437.9
17.9,25.46875,44.272147,-0.431882,17838.765734,97.609059,0,2944,808.939066,698.985549,450,690,342.396592,604,719,62,95,100,8,0,141,87.42,434.276
18,25.46875,44.8,-0.321217,17838.768496,97.638425,0,2940,811.270749,700.770749,450,690,326.197776,604,714,62,95,100,8,0,141,87.42,431.256
18.1,25.46875,44.8,-0.231258,17838.771903,97.483446,0,2954,808.401377,698.638189,450,690,312.766657,604,708,62,95,100,8,0,141,87.42,427.632
18.2,25.46875,39.544898,-0.159664,17838.776079,97.353495,0,2944,811.201718,701.326718,450,690,302.020678,605,703,62,95,100,8,0,141,87.42,425.315
18.3,25.46875,36.8,-0.179684,17838.780127,97.325849,0,2946,808.712855,699.190891,450,690,284.783442,605,697,62,95,100,8,0,141,87.42,421.685
18.4,25.46875,36.97792,-0.239742,17838.782209,97.401568,0,2937,811.020938,701.078204,450,690,262.179853,605,692,62,95,100,8,0,141,87.42,418.66
18.5,25.46875,38.811715,-0.229977,17838.784291,97.477978,0,2941,811.25,701.5,450,690,243.696829,606,689,62,95,100,8,0,141,87.42,417.534
18.6,25.46875,40.8,-0.207438,17838.787749,97.656465,0,2938,812,702.625,450,690,232.154539,606,687,62,95,100,8,0,141,87.42,416.322
18.7,25.46875,40.8,-0.2489,17838.791918,97.663383,0,2940,810.907008,702.282008,450,690,226.41664,607,685,62,95,100,8,0,141,87.42,415.795
18.8,25.46875,41.019626,-0.269527,17838.795,97.487355,0,2947,811.938412,703.583941,450,690,223.993762,607,683,62,95,100,8,0,141,87.42,414.581
18.9,25.46875,43.717654,-0.180858,17838.79593,97.302951,0,2941,810.681028,702.737057,450,690,223.125,608,681,62,95,100,8,0,141,87.42,414.048
19,25.46875,47.2,-0.071178,17838.799507,97.270102,0,2944,810.75,703.125,450,690,225.02484,609,679,62,95,100,8,0,141,87.42,413.511
19.1,25.46875,48,-0.009762,17838.801793,97.339731,0,2930,813.462488,705.815616,450,690,232.415916,609,677,62,95,100,8,0,141,87.42,412.293
19.2,25.46875,52.735298,-0.009762,17838.803873,97.240602,0,2937,812,704.875,450,690,244.067658,610,674,62,95,100,8,0,141,87.42,411.14
19.3,25.46875,59.903049,-0.001021,17838.806911,97.185821,0,2937,812.25,705.375,450,690,260.539869,610,672,62,95,100,8,0,141,87.42,409.92
19.4,25.46875,63.2,0.067671,17838.811087,97.193068,0,2937,812.25,705.75,450,690,281.60843,611,670,62,95,100,8,0,141,87.42,409.37
19.5,25.46875,64,0.099613,17838.815131,97.225635,0,2936,813,706.465125,450,690,305.199958,610,681,62,95,100,8,0,141,87.42,415.41
19.6,25.46875,64,0.108558,17838.817212,97.223735,0,2939,812.25,705.864621,450,690,329.991241,609,693,62,95,100,8,0,141,87.42,422.037
19.7,25.46875,64,0.109867,17838.819294,97.215913,0,2943,812.387906,705.818953,450,690,355.262374,608,704,62,95,100,8,0,141,87.42,428.032
19.8,25.46875,64.8,0.117032,17838.82,97.201367,0,2933,812.653558,705.778558,450,690,380.511002,607,716,62,95,100,8,0,141,87.42,434.612
19.9,25.46875,64.8,0.089847,17838.821286,97.175605,0,2947,810.956113,704.081113,450,690,406.146427,607,728,62,95,100,8,0,141,87.42,441.896
20,25.46875,64.661352,0.060629,17838.826093,97.212612,0,2938,811.134714,703.692357,450,690,427.496209,606,740,62,95,100,8,0,141,87.42,448.44
20.1,25.46875,62.423698,-0.018154,17838.830263,97.205404,0,2936,810.976217,702.738109,450,690,440.990654,605,752,62,95,100,8,0,141,87.42,454.96
20.2,25.46875,58,-0.058171,17838.834433,97.169637,0,2949,810.713434,701.801869,450,690,447.141268,604,764,62,95,100,8,0,141,87.42,461.456
20.3,25.46875,59.2,-0.158315,17838.836796,97.234354,0,2945,809.555244,700.090122,450,690,446.045578,603,776,62,95,100,8,0,141,87.42,467.928
20.4,25.46875,58.992113,-0.140705,17838.838874,97.299993,0,2933,813.645859,703.145859,450,690,442.66703,602,788,62,95,100,8,0,141,87.42,474.376
20.5,25.46875,56.25709,-0.207727,17838.840959,97.268337,0,2957,808.206683,698.456683,450,690,439.149063,602,785,62,95,100,8,0,141,87.42,472.57
20.6,25.46875,56,-0.289547,17838.843053,97.31199,0,2941,811.45305,700.95305,450,690,432.077944,602,781,62,95,100,8,0,141,87.42,470.162
20.7,25.46875,56,-0.330625,17838.845195,97.340571,0,2943,810.418827,699.918827,450,690,424.763746,602,777,62,95,100,8,0,141,87.42,467.754
20.8,25.46875,55.2,-0.389645,17838.847971,97.293117,0,2944,810.125,699.75,450,690,417.769126,602,773,62,95,100,8,0,141,87.42,465.346
20.9,25.46875,55.2,-0.427627,17838.85,97.3257,0,2954,808.898526,698.773526,450,690,411.082652,602,768,62,95,100,8,0,141,87.42,462.336
21,25.46875,54.980514,-0.462413,17838.852767,97.494012,0,2937,810.561177,700.186177,450,690,404.899261,603,764,62,95,100,8,0,141,87.42,460.692
21.1,25.46875,52,-0.39704,17838.856949,97.360634,0,2952,809.264868,699.354901,450,690,399.574528,603,760,62,95,100,8,0,141,87.42,458.28
21.2,25.46875,49.773256,-0.458631,17838.860562,97.390361,0,2952,809.583609,699.468957,450,690,391.363101,603,756,62,95,100,8,0,141,87.42,455.868
21.3,25.46875,48.8,-0.438891,17838.862641,97.468569,0,2939,810.405538,700.030538,450,690,379.601056,603,752,62,95,100,8,0,141,87.42,453.456
21.4,25.46875,48,-0.479977,17838.864721,97.420086,0,2957,809.016607,698.868006,450,690,366.33382,603,747,62,95,100,8,0,141,87.42,450.441
21.5,25.46875,41.948876,-0.419918,17838.8668,97.420222,0,2937,811.838186,701.213186,450,690,352.5772,604,737,62,95,100,8,0,141,87.42,445.148
21.6,25.46875,38.587764,-0.556976,17838.868879,97.465768,0,2948,809.625,699.182162,450,690,328.684858,605,726,62,95,100,8,0,141,87.42,439.23
21.7,25.46875,35.2,-0.600837,17838.871052,97.425599,0,2939,810.575607,699.475304,450,690,294.129383,606,715,62,95,100,8,0,141,87.42,433.29
21.8,25.46875,35.2,-0.659664,17838.873335,97.448188,0,2946,810.713316,699.713316,450,690,258.931751,607,704,62,95,100,8,0,141,87.42,427.328
21.9,25.46875,35.2,-0.679683,17838.880124,97.497095,0,2935,812.430424,701.805424,450,690,231.610599,607,693,62,95,100,8,0,141,87.42,420.651
22,25.46875,36.128147,-0.729976,17838.882201,97.453189,0,2945,810.354061,700.73953,450,690,213.262714,608,682,62,95,100,8,0,141,87.42,414.656
22.1,25.46875,38.43485,-0.540562,17838.884277,97.401303,0,2943,812.137628,703.068814,450,690,202.240463,609,671,62,95,100,8,0,141,87.42,408.639
22.2,25.46875,42.211076,-0.529781,17838.887739,97.519705,0,2945,811,702.75,450,690,197.421139,610,660,62,95,100,8,0,141,87.42,402.6
22.3,25.46875,45.360134,-0.63868,17838.89194,97.501815,0,2928,812.379623,704.379623,450,690,198.920034,611,649,62,95,100,8,0,141,87.42,396.539
22.4,25.46875,48.8,-0.522131,17838.895565,97.513121,0,2956,812.441071,705.075892,450,690,208.95126,612,638,62,95,100,8,0,141,87.42,390.456
22.5,25.46875,50,-0.302385,17838.897644,97.371688,0,2926,810.210903,703.734346,450,690,226.035784,612,643,62,95,100,8,0,141,87.42,393.516
22.6,25.46875,50.216766,-0.42651,17838.899724,97.267465,0,2956,810.331021,704.154516,450,690,245.804427,611,649,62,95,100,8,0,141,87.42,396.539
22.7,25.46875,51.2,-0.479977,17838.901803,97.26062,0,2940,810.485338,704.270254,450,690,262.25229,611,655,62,95,100,8,0,141,87.42,400.205
22.8,25.46875,51.2,-0.409664,17838.903882,97.271862,0,2931,813.645939,707.01047,450,690,276.245564,611,661,62,95,100,8,0,141,87.42,403.871
22.9,25.46875,51.2,-0.437926,17838.906242,97.236384,0,2954,809.788131,703.344276,450,690,287.279574,611,667,62,95,100,8,0,141,87.42,407.537
23,25.46875,51.2,-0.282896,17838.910787,97.365045,0,2938,811.65433,704.678247,450,690,294.68368,610,674,62,95,100,8,0,141,87.42,411.14
23.1,25.46875,51.2,-0.179684,17838.915152,97.369777,0,2942,812.705897,705.330897,450,690,300.428083,610,680,62,95,100,8,0,141,87.42,414.8
23.2,25.46875,51.330917,-0.208932,17838.917228,97.326537,0,2948,809.375,702.307116,450,690,304.592517,610,686,62,95,100,8,0,141,87.42,418.46
23.3,25.409705,52.560994,-0.238757,17838.919305,97.459284,0,2947,810.125,702.75,450,690,307.787709,609,692,62,95,100,8,0,141,87.42,421.428
23.4,25.344609,54,-0.091014,17838.921391,97.483855,0,2934,812.146995,704.396995,450,690,312.116728,609,698,62,95,100,8,0,141,87.42,425.082
23.5,25.3125,54,-0.08102,17838.923482,97.504724,0,2959,806.639003,699.854252,450,690,318.316739,609,700,62,95,100,8,0,141,87.42,426.3
23.6,25.3125,53.764663,-0.020821,17838.925569,97.541954,0,2939,811.271259,703.771259,450,690,324.073079,609,702,62,95,100,8,0,141,87.42,427.518
23.7,25.3125,51.2,4e-06,17838.927647,97.479788,0,2956,808.206163,701.081163,450,690,329.288366,608,703,62,95,100,8,0,141,87.42,427.424
23.8,25.3125,51.2,0.010791,17838.929726,97.46875,0,2954,808.625,701.25,450,690,331.763661,608,705,62,95,100,8,0,141,87.42,428.64
23.9,25.3125,51.2,0.008801,17838.93151,97.643802,0,2948,808.668732,701.043732,450,690,332.693806,608,706,62,95,100,8,0,141,87.42,429.248
24,25.3125,51.2,0.058351,17838.937035,97.644782,0,2955,810.412307,702.469768,450,690,333.25,608,708,62,95,100,8,0,141,87.42,430.464
24.1,25.3125,51.2,-0.009762,17838.94097,97.687858,0,2944,807.450837,699.838128,450,690,333.055335,608,709,62,95,100,8,0,141,87.42,431.072
24.2,25.3125,49.791507,0.026878,17838.943062,97.705425,0,2958,809.153963,701.315803,450,690,333,607,711,62,95,100,8,0,141,87.42,431.577
24.3,25.3125,48.235444,0.039554,17838.945154,97.700243,0,2947,807.042304,699.45192,450,690,331.915372,607,712,62,95,100,8,0,141,87.42,432.184
24.4,25.3125,47.858128,0.019535,17838.947231,97.699219,0,2955,808.35393,700.60393,450,690,329.473051,607,714,62,95,100,8,0,141,87.42,433.398
24.5,25.3125,46,0.086144,17838.949307,97.716184,0,2952,807,699.25,450,690,325.318695,607,712,62,95,100,8,0,141,87.42,432.184
24.6,25.3125,46,0.179691,17838.95278,97.725538,0,2964,807.187396,699.288972,450,690,319.175595,607,711,62,95,100,8,0,141,87.42,431.577
24.7,25.3125,46.837033,0.228649,17838.956952,97.821748,0,2948,808.463085,700.441064,450,690,312.546415,607,709,62,95,100,8,0,141,87.42,430.363
24.8,25.3125,46.380916,0.233087,17838.96,97.692369,0,2963,806.729468,699.047101,450,690,307.508141,607,707,62,95,100,8,0,141,87.42,429.149
24.9,25.3125,48.8,0.180751,17838.960958,97.799494,0,2955,808.625,700.75,450,690,303.846209,607,705,62,95,100,8,0,141,87.42,427.935
25,25.3125,50,0.149906,17838.964535,97.89787,0,2946,806.971162,699.559301,450,690,301.914054,608,703,62,95,100,8,0,141,87.42,427.424
25.1,25.3125,49.181217,0.229984,17838.966809,97.97089,0,2963,807.673243,700.298243,450,690,301.625,608,702,62,95,100,8,0,141,87.42,426.816
25.2,25.3125,45.756217,0.089847,17838.968889,97.899037,0,2952,806.542938,699.407204,450,690,301.5,608,700,62,95,100,8,0,141,87.42,425.6
25.3,25.3125,44.233551,0.206613,17838.971949,97.815764,0,2957,807.38668,700.01168,450,690,300.093029,608,698,62,95,100,8,0,141,87.42,424.384
25.4,25.3125,44.354534,0.112767,17838.976133,97.804688,0,2962,805.170642,698.045642,450,690,295.155651,608,696,62,95,100,8,0,141,87.42,423.168
25.5,25.3125,49.417398,0.098565,17838.980157,97.862465,0,2958,807.455933,699.830933,450,690,288.755067,608,695,62,95,100,8,0,141,87.42,422.56
25.6,25.3125,50.205662,0.139652,17838.982234,97.952215,0,2949,809.260241,701.56762,450,690,286.820365,608,694,62,95,100,8,0,141,87.42,421.952
25.7,25.3125,50.851656,0.159672,17838.984311,97.794841,0,2963,806.048291,699.036218,450,690,289.354218,608,693,62,95,100,8,0,141,87.42,421.344
25.8,25.3125,51.2,-0.036183,17838.987379,97.800123,0,2953,807.147629,700.110722,450,690,293.173073,608,691,62,95,100,8,0,141,87.42,420.128
25.9,25.3125,52,-0.206764,17838.991327,97.903352,0,2957,808,700.875,450,690,297.818365,608,690,62,95,100,8,0,141,87.42,419.52
26,25.3125,50.125226,-0.200917,17838.995563,97.941944,0,2948,806.064038,699.303365,450,690,302.822814,608,689,62,95,100,8,0,141,87.42,418.912
26.1,25.3125,40.666997,-0.259762,17838.997648,97.834228,0,2963,808.786773,701.593144,450,690,304.895643,608,688,62,95,100,8,0,141,87.42,418.304
26.2,25.3125,40,-0.390874,17838.999733,97.775852,0,2959,804.578633,697.351817,450,690,294.411857,608,687,62,95,100,8,0,141,87.42,417.696
26.3,25.3125,42.456851,-0.309566,17839.001812,97.752636,0,2946,809.169388,700.794388,450,690,278.496892,608,685,62,95,100,8,0,141,87.42,416.48
26.4,25.3125,43.513303,-0.427732,17839.00389,97.797596,0,2965,806.729209,698.796907,450,690,266.999437,608,684,62,95,100,8,0,141,87.42,415.872
26.5,25.3125,49.422789,-0.588707,17839.005976,97.909631,0,2950,807.951524,700.088643,450,690,260.964136,608,687,62,95,100,8,0,141,87.42,417.696
26.6,25.3125,51.2,-0.529781,17839.008069,97.972709,0,2949,808.875,701.625,450,690,263.660149,608,690,62,95,100,8,0,141,87.42,419.52
26.7,25.3125,51.2,-0.518522,17839.010216,97.895389,0,2962,806.576089,700.163044,450,690,272.778296,608,693,62,95,100,8,0,141,87.42,421.344
26.8,25.3125,52,-0.58984,17839.012994,97.801063,0,2951,807.543272,701.157454,450,690,282.443221,608,696,62,95,100,8,0,141,87.42,423.168
26.9,25.3125,52,-0.520539,17839.017264,97.731131,0,2955,807.5,701.125,450,690,292.000886,608,699,62,95,100,8,0,141,87.42,424.992
27,25.3125,52.8,-0.451173,17839.021392,97.671615,0,2956,806.75,700.476822,450,690,300.160491,608,702,62,95,100,8,0,141,87.42,426.816
27.1,25.3125,56,-0.439937,17839.023487,97.775968,0,2962,807.413375,700.810031,450,690,308.080397,608,705,62,95,100,8,0,141,87.42,428.64
27.2,25.3125,58,-0.371925,17839.025578,97.823823,0,2946,807.041208,700.530906,450,690,319.144664,608,709,62,95,100,8,0,141,87.42,431.072
27.3,25.3125,57.192243,-0.338782,17839.027657,97.935913,0,2971,806.341387,700.06854,450,690,333.766671,608,712,62,95,100,8,0,141,87.42,432.896
27.4,25.3125,48.223177,-0.240912,17839.029735,97.88548,0,2948,808.275259,701.612694,450,690,345.633099,608,715,62,95,100,8,0,141,87.42,434.72
27.5,25.3125,44.8,-0.306152,17839.031815,97.844711,0,2970,805.479061,698.638748,450,690,346.33773,608,710,62,95,100,8,0,141,87.42,431.68
27.6,25.3125,44.8,-0.381952,17839.033895,97.833153,0,2952,805.429009,697.668207,450,690,334.338976,608,705,62,95,100,8,0,141,87.42,428.64
27.7,25.3125,44.227065,-0.231814,17839.03607,97.903088,0,2956,811.411314,702.467762,450,690,320.994782,608,699,62,95,100,8,0,141,87.42,424.992
27.8,25.3125,41.778817,-0.208609,17839.038353,97.869998,0,2959,802.851918,695.226918,450,690,308.283108,608,694,62,95,100,8,0,141,87.42,421.952
27.9,25.3125,40.8,-0.307702,17839.045151,97.856455,0,2958,809.036542,700.433656,450,690,294.076002,608,688,62,95,100,8,0,141,87.42,418.304
28,25.3125,38,-0.409664,17839.047229,97.872521,0,2963,804.625,696.75,450,690,278.803205,609,683,62,95,100,8,0,141,87.42,415.947
28.1,25.3125,38,-0.400977,17839.049307,97.991128,0,2954,808.850762,700.475762,450,690,261.533358,609,677,62,95,100,8,0,141,87.42,412.293
28.2,25.3125,38.415269,-0.388641,17839.052791,97.936159,0,2961,805.5,697.786958,450,690,246.40151,609,672,62,95,100,8,0,141,87.42,409.248
28.3,25.3125,40.566933,-0.457996,17839.056979,97.973586,0,2961,808.037963,700.287963,450,690,235.554456,609,666,62,95,100,8,0,141,87.42,405.594
28.4,25.3125,43.2,-0.458811,17839.06058,98.004523,0,2950,806.315497,699.190497,450,690,229.809348,609,661,62,95,100,8,0,141,87.42,402.549
28.5,25.3125,43.2,-0.48864,17839.06266,97.926778,0,2958,808.398899,701.398899,450,690,227.927477,609,659,62,95,100,8,0,141,87.42,401.331
28.6,25.3125,43.2,-0.499996,17839.064741,97.920772,0,2956,805.95387,699.57887,450,690,227.823366,610,658,62,95,100,8,0,141,87.42,401.38
28.7,25.3125,40.969518,-0.441013,17839.06682,97.827122,0,2952,808.625,702,450,690,228.395044,610,657,62,95,100,8,0,141,87.42,400.77
28.8,25.3125,37.05559,-0.508708,17839.068898,97.761319,0,2962,805.863881,699.68194,450,690,227.758703,610,656,62,95,100,8,0,141,87.42,400.16
28.9,25.3125,40.01553,-0.591976,17839.071276,97.879662,0,2957,807,700.38685,450,690,223.234871,610,655,62,95,100,8,0,141,87.42,399.55
29,25.3125,40.8,-0.441866,17839.075822,97.952746,0,2944,810.662074,703.574149,450,690,219.707785,611,654,62,95,100,8,0,141,87.42,399.594
29.1,25.3125,40.8,-0.419918,17839.080168,97.817277,0,2963,806.075833,699.825833,450,690,218.101755,611,653,62,95,100,8,0,141,87.42,398.983
29.2,25.3125,43.745748,-0.469723,17839.082244,97.824215,0,2955,807.75,701.25,450,690,217.25,611,652,62,95,100,8,0,141,87.42,398.372
29.3,25.3125,49.664414,-0.380943,17839.084321,97.882825,0,2951,807.725954,701.475954,450,690,220.629534,612,651,62,95,100,8,0,141,87.42,398.412
29.4,25.3125,50.252383,-0.289547,17839.086406,97.924789,0,2952,807.953891,702.180836,450,690,233.358644,612,650,62,95,100,8,0,141,87.42,397.8
29.5,25.3125,51.2,-0.270715,17839.088497,97.926266,0,2960,807.456104,702.228052,450,690,251.843695,612,652,62,95,100,8,0,141,87.42,399.024
29.6,25.3125,46.678557,-0.300836,17839.091168,97.784576,0,2948,809.261495,703.886495,450,690,268.140748,612,654,62,95,100,8,0,141,87.42,400.248
29.7,25.3125,44,-0.398803,17839.095327,97.704748,0,2968,805.160845,700.047794,450,690,277.337622,611,656,62,95,100,8,0,141,87.42,400.816
29.8,25.3125,40.8,-0.440978,17839.099486,97.678329,0,2946,807.861081,701.861081,450,690,278.453678,611,658,62,95,100,8,0,141,87.42,402.038
29.9,25.3125,40.8,-0.368518,17839.100778,97.9069,0,2966,808.352372,701.814477,450,690,273.637493,611,660,62,95,100,8,0,141,87.42,403.26
30,25.3125,43.2,-0.311702,17839.10354,97.937989,0,2939,806.632094,700.09907,450,690,266.310734,611,662,62,95,100,8,0,141,87.42,404.482
30.1,25.3125,43.2,-0.258799,17839.105986,97.95111,0,2964,809.808888,702.740499,450,690,261.377896,611,664,62,95,100,8,0,141,87.42,405.704
30.2,25.3125,42,-0.368386,17839.108078,97.711595,0,2953,805.635117,699.260117,450,690,258.12789,610,666,62,95,100,8,0,141,87.42,406.26
30.3,25.3125,43.2,-0.379879,17839.110169,97.723725,0,2957,807.705983,700.977992,450,690,255.776222,610,668,62,95,100,8,0,141,87.42,407.48
30.4,25.3125,44,-0.359859,17839.112245,97.781794,0,2947,807.772484,701.079363,450,690,254.227291,610,670,62,95,100,8,0,141,87.42,408.7
30.5,25.3125,43.420369,-0.359859,17839.11432,97.888415,0,2963,808.055802,701.430802,450,690,253.75,610,669,62,95,100,8,0,141,87.42,408.09
30.6,25.3125,43.2,-0.389645,17839.117808,97.875101,0,2947,807.148618,700.736463,450,690,253.175493,610,668,62,95,100,8,0,141,87.42,407.48
30.7,25.3125,42,-0.448556,17839.121983,97.9225,0,2967,807.151438,700.738579,450,690,252.674879,610,667,62,95,100,8,0,141,87.42,406.87
30.8,25.3125,42,-0.501029,17839.125,97.888304,0,2953,806.497888,700.123416,450,690,251.474872,610,666,62,95,100,8,0,141,87.42,406.26
30.9,25.3125,42,-0.419918,17839.125988,97.991241,0,2953,808.511887,701.886887,450,690,250.22598,610,666,62,95,100,8,0,141,87.42,406.26
31,25.3125,40,-0.468782,17839.129563,97.817232,0,2957,806.25,700,450,690,248.69973,611,665,62,95,100,8,0,141,87.42,406.315
31.1,25.3125,40,-0.449703,17839.131826,97.782255,0,2962,807.911454,701.205727,450,690,245.427793,611,664,62,95,100,8,0,141,87.42,405.704
31.2,25.3125,43.2,-0.470797,17839.133905,97.921693,0,2948,806.04348,699.65761,450,690,241.74804,611,663,62,95,100,8,0,141,87.42,405.093
31.3,25.3125,43.2,-0.441802,17839.136981,97.914132,0,2957,808.672056,702.035292,450,690,239.724735,611,662,62,95,100,8,0,141,87.42,404.482
31.4,25.3125,40,-0.438705,17839.141165,97.852256,0,2957,806.5,700.25,450,690,238.849894,611,661,62,95,100,8,0,141,87.42,403.871
31.5,25.3125,40,-0.499077,17839.145173,97.751166,0,2958,807.5,701.125,450,690,237.523111,611,660,62,95,100,8,0,141,87.42,403.26
31.6,25.3125,40,-0.380754,17839.147246,97.844664,0,2958,805.14722,699.02222,450,690,235.448571,611,659,62,95,100,8,0,141,87.42,402.649
31.7,25.3125,40,-0.496898,17839.149319,98.006974,0,2951,810.125,703.375,450,690,233.148274,611,658,62,95,100,8,0,141,87.42,402.038
31.8,25.3125,40,-0.550728,17839.152398,97.999916,0,2963,805.125,699.125,450,690,231.324512,611,656,62,95,100,8,0,141,87.42,400.816
31.9,25.3125,40,-0.479977,17839.156367,97.958313,0,2951,808.169266,701.794266,450,690,229.347728,611,655,62,95,100,8,0,141,87.42,400.205
32,25.3125,36.8,-0.46194,17839.16058,97.859809,0,2959,808.057086,701.739173,450,690,227.694823,612,654,62,95,100,8,0,141,87.42,400.248
32.1,25.3125,38,-0.143229,17839.162664,97.857847,0,2959,806,699.886774,450,690,223.845742,612,653,62,95,100,8,0,141,87.42,399.636
32.2,25.3125,37.734316,0.202992,17839.164749,97.992341,0,2947,807.149076,700.861807,450,690,219.216814,612,652,62,95,100,8,0,141,87.42,399.024
32.3,25.3125,36.8,0.407644,17839.166824,97.974218,0,2967,807.15094,700.863205,450,690,215.172188,612,650,62,95,100,8,0,141,87.42,397.8
32.4,25.3125,37.066327,0.290583,17839.168897,98.047623,0,2952,806.044098,699.919098,450,690,210.842183,612,649,62,95,100,8,0,141,87.42,397.188
32.5,25.3125,38,0.252782,17839.171965,98.109793,0,2960,808.261687,702.011687,450,690,207.244628,612,646,62,95,100,8,0,141,87.42,395.352
32.6,25.3125,36,0.111757,17839.176161,98.038675,0,2965,803.875,698.25,450,690,204.618562,612,643,62,95,100,8,0,141,87.42,393.516
32.7,25.3125,35.413204,0.079593,17839.18,98.102987,0,2956,807.75,701.625,450,690,201.163982,613,640,62,95,100,8,0,141,87.42,392.32
32.8,25.3125,32,0.071726,17839.18,98.041128,0,2956,806.386784,700.443392,450,690,196.088643,613,637,62,95,100,8,0,141,87.42,390.481
32.9,25.3125,32,-0.040621,17839.182326,97.852468,0,2970,805.546847,699.546847,450,690,186.901369,613,634,62,95,100,8,0,141,87.42,388.642
33,25.3125,32.8,-0.004603,17839.186412,97.865912,0,2939,807.335489,701.085489,450,690,176.479784,613,631,62,95,100,8,0,141,87.42,386.803
33.1,25.3125,32.8,0.197603,17839.188512,97.867652,0,2962,808.188592,702.313592,450,690,169.103636,613,628,62,95,100,8,0,141,87.42,384.964
33.2,25.3125,32.8,0.101571,17839.191211,97.78017,0,2950,807.044895,701.544895,450,690,163.834055,614,625,62,95,100,8,0,141,87.42,383.75
33.3,25.311029,32.8,0.198742,17839.195358,97.813763,0,2947,810.375,704.875,450,690,160.243391,614,622,62,95,100,8,0,141,87.42,381.908
33.4,25.297978,30,0.148878,17839.199506,97.745193,0,2951,808.420709,703.522855,450,690,157.614921,614,619,62,95,100,8,0,141,87.42,380.066
33.5,25.284926,30,0.236728,17839.201831,97.645606,0,2947,809.875,704.875,450,690,152.937719,614,621,62,95,100,8,0,141,87.42,381.294
33.6,25.28125,31.37816,0.230919,17839.20391,97.581284,0,2952,808.625,703.875,450,690,146.930533,614,623,62,95,100,8,0,141,87.42,382.522
33.7,25.28125,32,0.209965,17839.20609,97.724797,0,2931,811.192477,706.305972,450,690,142.23786,615,625,62,95,100,8,0,141,87.42,384.375
33.8,25.28125,33.55867,0.277826,17839.208379,97.643546,0,2943,812.775872,708.012936,450,690,139.721004,615,627,62,95,100,8,0,141,87.42,385.605
33.9,25.28125,39.472909,0.329593,17839.210166,97.570384,0,2946,809.125,705.212341,450,690,140.13822,615,629,62,95,100,8,0,141,87.42,386.835
34,25.28125,47.365317,-0.0764,17839.212234,97.521206,0,2939,812.25,707.875,450,690,148.367003,615,631,62,95,100,8,0,141,87.42,388.065
34.1,25.28125,53.811916,-0.151817,17839.214302,97.494957,0,2942,810.125,706.193245,450,690,165.153253,615,634,62,95,100,8,0,141,87.42,389.91
34.2,25.28125,59.378048,-0.3652,17839.217795,97.464643,0,2935,815.125,710.352232,450,690,186.81873,616,636,62,95,100,8,0,141,87.42,391.776
34.3,25.28125,60,-0.509762,17839.222015,97.343779,0,2941,809.669565,705.897282,450,690,210.904809,616,638,62,95,100,8,0,141,87.42,393.008
34.4,25.28125,60.8,-0.499098,17839.225607,97.26191,0,2946,811.975882,707.975882,450,690,235.702809,616,640,62,95,100,8,0,141,87.42,394.24
34.5,25.28125,60.232263,-0.429684,17839.227682,97.332309,0,2937,811.703991,707.703991,450,690,260.844334,615,649,62,95,100,8,0,141,87.42,399.135
34.6,25.28125,56.617346,-0.579586,17839.229756,97.350592,0,2944,811.425456,707.425456,450,690,286.4482,614,658,62,95,100,8,0,141,87.42,404.012
34.7,25.28125,56,-0.246405,17839.231835,97.211274,0,2940,811.25,707.125,450,690,311.807184,613,667,62,95,100,8,0,141,87.42,408.871
34.8,25.28125,53.086472,-0.076952,17839.233915,97.274018,0,2947,810.352313,705.977313,450,690,337.243468,612,676,62,95,100,8,0,141,87.42,413.712
34.9,25.28125,50,-0.210867,17839.236335,97.31944,0,2933,812.592965,707.478643,450,690,358.172855,611,686,62,95,100,8,0,141,87.42,419.146
35,25.28125,52.408193,-0.002157,17839.24088,97.375551,0,2955,807.341124,701.966124,450,690,364.905693,610,695,62,95,100,8,0,141,87.42,423.95
35.1,25.28125,55.2,0.218746,17839.245193,97.320712,0,2937,812.794934,705.647467,450,690,364.171112,609,704,62,95,100,8,0,141,87.42,428.736
35.2,25.28125,55.2,0.346593,17839.24726,97.315948,0,2950,808.625,701.75,450,690,363.671977,608,714,62,95,100,8,0,141,87.42,434.112
35.3,25.28125,55.2,0.569828,17839.249328,97.457804,0,2949,809.147961,702.011481,450,690,363.046936,607,723,62,95,100,8,0,141,87.42,438.861
35.4,25.28125,54.657775,0.548904,17839.252835,97.593757,0,2947,809.625,702.25,450,690,363,606,732,62,95,100,8,0,141,87.42,443.592
35.5,25.28125,50.748371,0.798905,17839.257037,97.647351,0,2941,811.599763,703.887322,450,690,363,606,734,62,95,100,8,0,141,87.42,444.804
35.6,25.28125,49.738416,0.512807,17839.260612,97.686891,0,2964,804.852166,698.102166,450,690,360.945332,606,735,62,95,100,8,0,141,87.42,445.41
35.7,25.28125,47.429372,0.438946,17839.262686,97.613028,0,2938,811.477344,703.477344,450,690,355.138957,606,735,62,95,100,8,0,141,87.42,445.41
35.8,25.28125,48.185469,0.519535,17839.26476,97.522724,0,2971,805.681559,698.408864,450,690,346.94039,606,736,62,95,100,8,0,141,87.42,446.016
35.9,25.28125,54.70567,0.46973,17839.265812,97.556292,0,2938,807.200391,699.553126,450,690,337.885333,606,737,62,95,100,8,0,141,87.42,446.622
36,25.28125,60.8,0.374555,17839.268565,97.700349,0,2969,808.011483,700.579651,450,690,337.911004,607,738,62,95,100,8,0,141,87.42,447.966
36.1,25.28125,60.8,0.309574,17839.272008,97.814903,0,2927,811.100607,703.862099,450,690,349.19114,607,739,62,95,100,8,0,141,87.42,448.573
36.2,25.28125,57.749196,0.369632,17839.276201,97.85214,0,2982,803.925773,698.338208,450,690,366.524888,607,739,62,95,100,8,0,141,87.42,448.573
36.3,25.28125,56.8,0.336152,17839.280194,97.786369,0,2949,807.524378,701.061982,450,690,377.033379,607,740,62,95,100,8,0,141,87.42,449.18
36.4,25.28125,56.202215,0.459964,17839.282263,97.860196,0,2970,804.32994,697.95494,450,690,383.051368,607,741,62,95,100,8,0,141,87.42,449.787
36.5,25.28125,54,0.268588,17839.284331,97.781279,0,2954,806.227507,699.170631,450,690,384.625,607,725,62,95,100,8,0,141,87.42,440.075
36.6,25.28125,54.276278,0.230852,17839.286412,97.900829,0,2973,802.965797,696.090797,450,690,384.01146,608,707,62,95,100,8,0,141,87.42,429.856
36.7,25.28125,56,0.081608,17839.288498,98.036217,0,2957,807.045002,699.295002,450,690,381.965509,608,690,62,95,100,8,0,141,87.42,419.52
36.8,25.28125,54.871784,0.058694,17839.29,98.124299,0,2972,802.5,695.375,450,690,380.964945,609,672,62,95,100,8,0,141,87.42,409.248
36.9,25.28125,37.673035,0.186997,17839.291015,98.125968,0,2952,806.457061,698.60353,450,690,373.954739,609,655,62,95,100,8,0,141,87.42,398.895
37,25.28125,17.529157,0.307259,17839.294587,97.998127,0,2984,801.774479,692.724653,450,690,318.36717,610,637,62,95,100,8,0,141,87.42,388.57
37.1,25.28125,15.416924,0.378633,17839.298668,98.121168,0,2953,806.200284,693.687677,450,690,211.522687,610,620,62,95,100,8,0,141,87.42,378.2
37.2,25.28125,15.389794,0.536925,17839.302817,98.237352,0,2953,807.27253,696.056325,450,690,117.539362,611,602,62,95,100,8,0,141,87.42,367.822
37.3,25.28125,16,0.597914,17839.305996,98.332534,0,2954,806.863659,699.840976,450,690,56.787356,611,585,62,95,100,8,0,141,87.42,357.435
37.4,25.28125,16.8,0.579593,17839.308099,98.522394,0,2929,813.51205,709.5241,450,690,24.704706,612,567,62,95,100,8,0,141,87.42,347.004
37.5,25.28125,16,0.561497,17839.310198,98.381647,0,2961,809.902136,709.763568,450,690,10.042507,613,561,62,95,100,8,0,141,87.42,343.893
37.6,25.28125,15.2,0.261556,17839.312267,98.11189,0,2956,805.262322,708.205983,450,690,3.940223,614,555,62,95,100,8,0,141,87.42,340.77
37.7,25.28125,15.2,0.230798,17839.314335,97.806397,0,2947,809.625,713.363698,450,690,1.509037,616,550,62,95,100,8,0,141,87.42,338.8
37.8,25.28125,13.720701,0.150719,17839.317425,97.672766,0,2952,808.625,713.287497,450,690,0.545057,617,544,62,95,100,8,0,141,87.42,335.648
37.9,25.28125,7.032758,0.228958,17839.321406,97.823969,0,2932,812.100021,716.300011,450,690,0.25,618,538,62,95,100,8,0,141,87.42,332.484
38,25.28125,0.60861,0.307638,17839.325597,97.728008,0,2938,814.328979,718.090484,450,690,0.125,619,533,62,95,100,8,0,141,87.42,329.927
38.1,25.28125,0,0.300661,17839.327687,97.526402,0,2940,811.25,714.94305,450,690,0,620,527,62,95,100,8,0,141,87.42,326.74
38.2,25.28125,2,0.339847,17839.329776,97.530969,0,2929,813.829816,716.602408,450,690,0,622,522,62,95,100,8,0,141,87.42,324.684
38.3,25.28125,2,0.398138,17839.33185,97.538595,0,2923,815.669314,717.772157,450,690,0,623,516,62,95,100,8,0,141,87.42,321.468
38.4,25.28125,0.607964,0.388811,17839.333922,97.368544,0,2935,813,715,450,690,0,624,510,62,95,100,8,0,141,87.42,318.24
38.5,25.28125,0,0.349613,17839.337015,97.199382,0,2919,815.966257,717.341257,450,690,0,624,510,62,95,100,8,0,141,87.42,318.24
38.6,25.28125,0,0.359867,17839.341214,97.117671,0,2928,815.800829,716.800829,450,690,0,624,510,62,95,100,8,0,141,87.42,318.24
38.7,25.28125,0,0.409671,17839.345,97.064038,0,2913,817.350453,717.975453,450,690,0,624,510,62,95,100,8,0,141,87.42,318.24
38.8,25.28125,0,0.410514,17839.345,97.062079,0,2925,818.317765,718.567765,450,690,0,624,510,62,95,100,8,0,141,87.42,318.24
38.9,25.28125,0,0.331302,17839.347417,96.898386,0,2912,817.477884,717.602884,450,690,0,624,510,62,95,100,8,0,141,87.42,318.24
39,25.28125,0,0.259769,17839.351429,96.697558,0,2910,820.375,720,450,690,0,624,510,62,95,100,8,0,141,87.42,318.24
39.1,25.28125,0,0.338132,17839.35353,96.644339,0,2908,819.465664,719.067998,450,690,0,624,510,62,95,100,8,0,141,87.42,318.24
39.2,25.28125,0,0.379886,17839.356247,96.668732,0,2904,821.387292,720.512292,450,690,0,624,510,62,95,100,8,0,141,87.42,318.24
39.3,25.28125,0,0.389652,17839.360403,96.562019,0,2903,820.625,719.636277,450,690,0,624,510,62,95,100,8,0,141,87.42,318.24
39.4,25.28125,0,0.369632,17839.364559,96.450429,0,2900,823.58776,722.21276,450,690,0,624,510,62,95,100,8,0,141,87.42,318.24
39.5,25.28125,0,0.379006,17839.366851,96.385815,0,2904,822.074808,720.824808,450,690,0,624,510,62,95,100,8,0,141,87.42,318.24
39.6,25.28125,0,0.410534,17839.368922,96.22895,0,2893,823.534651,721.909651,450,690,0,624,510,62,95,100,8,0,141,87.42,318.24
39.7,25.28125,0,0.399078,17839.3711,96.204028,0,2894,825.125,723.192954,450,690,0,624,510,62,95,100,8,0,141,87.42,318.24
39.8,25.28125,0,0.459964,17839.373395,96.044549,0,2889,825.034759,722.932319,450,690,0,624,510,62,95,100,8,0,141,87.42,318.24
39.9,25.28125,0,0.399906,17839.375194,96.068842,0,2885,826.5,724.25,450,690,0,624,510,62,95,100,8,0,141,87.42,318.24
40,25.28125,0,0.388774,17839.377262,95.976381,0,2887,826.25,724,450,690,0,625,510,62,95,100,8,0,141,87.42,318.75
40.1,25.28125,0,0.350475,17839.379331,95.908889,0,2884,827,724.5,450,690,0,625,510,62,95,100,8,0,141,87.42,318.75
40.2,25.28125,0,0.378117,17839.382847,95.814986,0,2880,828.25,725.5,450,690,0,625,510,62,95,100,8,0,141,87.42,318.75
40.3,25.28125,0,0.45062,17839.387056,95.629948,0,2881,828.25,725.5,450,690,0,625,510,62,95,100,8,0,141,87.42,318.75
40.4,25.28125,0,0.44971,17839.390625,95.616414,0,2871,830.421481,727.296481,450,690,0,625,510,62,95,100,8,0,141,87.42,318.75
40.5,25.28125,0,0.371303,17839.392704,95.510545,0,2877,829.875,726.875,450,690,0,625,510,62,95,100,8,0,141,87.42,318.75
40.6,25.28125,0,0.339847,17839.394784,95.441161,0,2865,831.182561,728.035082,450,690,0,625,510,62,95,100,8,0,141,87.42,318.75
40.7,25.28125,0,0.270377,17839.396855,95.399084,0,2871,832.40906,729.056795,450,690,0,625,510,62,95,100,8,0,141,87.42,318.75
40.8,25.28125,0,0.288726,17839.398924,95.328213,0,2867,831.25,728.125,450,690,0,625,510,62,95,100,8,0,141,87.42,318.75
40.9,25.28125,0,0.289554,17839.401373,95.157678,0,2861,833.5,730,450,690,0,625,510,62,95,100,8,0,141,87.42,318.75
41,25.28125,0,0.468796,17839.405916,95.088329,0,2867,833.175563,729.675563,450,690,0,625,510,62,95,100,8,0,141,87.42,318.75
41.1,25.28125,0,0.519535,17839.410209,95.09954,0,2860,834.300472,730.712736,450,690,0,625,510,62,95,100,8,0,141,87.42,318.75
41.2,25.28125,0,0.519535,17839.412277,95.042052,0,2854,834.898332,731.261666,450,690,0,625,510,62,95,100,8,0,141,87.42,318.75
41.3,25.28125,0,0.548929,17839.414344,94.96877,0,2855,836.5,732.75,450,690,0,625,510,62,95,100,8,0,141,87.42,318.75
41.4,25.28125,1.582361,0.568898,17839.416435,94.883971,0,2853,835.580026,731.955026,450,690,0,625,510,62,95,100,8,0,141,87.42,318.75
41.5,25.28125,7.209878,0.569828,17839.418536,94.769857,0,2847,837.045714,733.295714,450,690,0,625,510,62,95,100,8,0,141,87.42,318.75
41.6,25.28125,11.400594,0.60129,17839.42063,94.655535,0,2852,838.226736,734.226736,450,690,0,625,510,62,95,100,8,0,141,87.42,318.75
41.7,25.28125,14,0.540424,17839.422706,94.661755,0,2845,837.977764,734.102764,450,690,0,625,510,62,95,100,8,0,141,87.42,318.75
41.8,25.28125,14,0.569828,17839.424782,94.584706,0,2841,839.875,735.75,450,690,0,625,510,62,95,100,8,0,141,87.42,318.75
41.9,25.28125,14,0.568924,17839.43083,94.425569,0,2841,839.625,735.625,450,690,0,625,510,62,95,100,8,0,141,87.42,318.75
42,25.28125,16.8,0.560421,17839.433575,94.343293,0,2837,841.375,737.125,450,690,0,625,510,62,95,100,8,0,141,87.42,318.75
42.1,25.28125,16.8,0.420684,17839.43601,94.259686,0,2833,840.853368,736.671276,450,690,0,625,510,62,95,100,8,0,141,87.42,318.75
42.2,25.28125,14.927325,0.39151,17839.438111,94.146163,0,2836,842.087335,737.837335,450,690,0,625,510,62,95,100,8,0,141,87.42,318.75
42.3,25.28125,14,0.381577,17839.440209,94.12235,0,2827,843.5,739,450,690,0,625,510,62,95,100,8,0,141,87.42,318.75
42.4,25.28125,15.84591,0.359867,17839.442279,93.998505,0,2831,843.86228,739.43114,450,690,0,625,510,62,95,100,8,0,141,87.42,318.75
42.5,25.28125,18,0.298986,17839.444348,93.952798,0,2823,844.113875,739.727751,450,690,0,625,510,62,95,100,8,0,141,87.42,318.75
42.6,25.28125,17.71455,0.329593,17839.447872,93.900122,0,2820,846.375,741.75,450,690,0,625,510,62,95,100,8,0,141,87.42,318.75
42.7,25.28125,16.8,0.269535,17839.452066,93.74104,0,2820,845.300566,740.800566,450,690,0,625,510,62,95,100,8,0,141,87.42,318.75
42.8,25.28125,13.694385,0.249211,17839.455,93.715617,0,2819,846.125,741.625,450,690,0,625,510,62,95,100,8,0,141,87.42,318.75
42.9,25.28125,8.461301,0.20056,17839.456062,93.64928,0,2813,848.365068,743.557534,450,690,0,625,510,62,95,100,8,0,141,87.42,318.75
43,25.28125,0,0.179691,17839.459638,93.490852,0,2815,847.5,742.875,450,690,0,626,510,62,95,100,8,0,141,87.42,319.26
43.1,25.28125,0,0.159672,17839.46186,93.483114,0,2811,849.25,744.375,450,690,0,626,510,62,95,100,8,0,141,87.42,319.26
43.2,25.28125,0,0.209965,17839.46393,93.379142,0,2806,849.625,744.875,450,690,0,626,510,62,95,100,8,0,141,87.42,319.26
43.3,25.28125,0,0.209182,17839.466015,93.260056,0,2806,850.875,745.875,450,690,0,626,510,62,95,100,8,0,141,87.42,319.26
43.4,25.285547,0,0.238949,17839.468116,93.165999,0,2804,850.125,745.25,450,690,0,626,510,62,95,100,8,0,141,87.42,319.26
43.5,25.298592,6.326359,0.307942,17839.470428,93.022756,0,2796,853.425739,748.175739,450,690,0,626,512,62,95,100,8,0,141,87.42,320.512
43.6,25.311636,11.860876,0.429691,17839.474565,92.972693,0,2808,850.624683,745.749683,450,690,0,626,514,62,95,100,8,0,141,87.42,321.764
43.7,25.3125,15.81319,0.488218,17839.478702,93.007385,0,2789,853.342951,748.160793,450,690,0,626,516,62,95,100,8,0,141,87.42,323.016
43.8,25.3125,16.502031,0.579593,17839.48,92.882106,0,2792,857.294747,751.669747,450,690,0,626,519,62,95,100,8,0,141,87.42,324.894
43.9,25.3125,23.844015,0.637947,17839.481466,92.701942,0,2795,852.09245,747.194337,450,690,0,626,521,62,95,100,8,0,141,87.42,326.146
44,25.3125,28.8,0.708437,17839.485614,92.754342,0,2786,856.125,750.75,450,690,0.171455,626,523,62,95,100,8,0,141,87.42,327.398
44.1,25.3125,28.8,0.788817,17839.487703,92.758264,0,2782,857,756.886059,450,690,6.07132,626,525,62,95,100,8,0,141,87.42,328.65
44.2,25.3125,28.8,0.829593,17839.489792,92.565936,0,2791,856.726438,756.550719,450,690,21.612352,626,527,62,95,100,8,0,141,87.42,329.902
44.3,25.3125,28.8,0.869632,17839.491863,92.369958,0,2791,855.125,754.787125,450,690,39.082957,626,530,62,95,100,8,0,141,87.42,331.78
44.4,25.3125,30,0.821355,17839.493932,92.340642,0,2797,853.999571,752.999357,450,690,52.747754,626,532,62,95,100,8,0,141,87.42,333.032
44.5,25.3125,31.537705,0.620413,17839.497034,92.329355,0,2772,856.893031,754.402913,450,690,63.624267,625,539,62,95,100,8,0,141,87.42,336.875
44.6,25.3125,34,0.490618,17839.501237,92.443452,0,2780,860.714173,757.19188,450,690,75.602776,625,546,62,95,100,8,0,141,87.42,341.25
44.7,25.3125,34,0.40148,17839.505,92.24234,0,2781,857.046171,753.273085,450,690,90.48829,624,554,62,95,100,8,0,141,87.42,345.696
44.8,25.3125,34.286141,0.251564,17839.505,92.117125,0,2776,859.387653,754.318827,450,690,103.831269,624,561,62,95,100,8,0,141,87.42,350.064
44.9,25.3125,35.816834,0.191591,17839.507501,92.098429,0,2781,859,753.25,450,690,115.1777,623,568,62,95,100,8,0,141,87.42,353.864
45,25.3125,38,0.00154,17839.511453,92.062479,0,2772,859.362054,752.737054,450,690,126.383467,622,576,62,95,100,8,0,141,87.42,358.272
45.1,25.3125,38,-0.138874,17839.513547,92.033939,0,2778,859.25,752.162044,450,690,139.318031,622,583,62,95,100,8,0,141,87.42,362.626
45.2,25.3125,39.413002,-0.249227,17839.515637,92.041883,0,2770,860.875541,753.250271,450,690,151.903418,621,591,62,95,100,8,0,141,87.42,367.011
45.3,25.3125,40.585424,-0.369625,17839.517716,92.039523,0,2783,858.635496,751.135496,450,690,163.996053,621,598,62,95,100,8,0,141,87.42,371.358
45.4,25.3125,42,-0.270289,17839.519796,91.997151,0,2768,860.080519,752.205519,450,690,176.231133,620,605,62,95,100,8,0,141,87.42,375.1
45.5,25.3125,42.910214,-0.100379,17839.521866,91.974709,0,2783,859.509086,751.634086,450,690,188.720155,620,609,62,95,100,8,0,141,87.42,377.58
45.6,25.3125,44,0.038821,17839.523935,91.979693,0,2770,859.594733,751.594733,450,690,200.984257,619,612,62,95,100,8,0,141,87.42,378.828
45.7,25.3125,44,0.138928,17839.526114,91.875364,0,2778,859.896959,751.771959,450,690,213.189562,619,615,62,95,100,8,0,141,87.42,380.685
45.8,25.3125,43.2,0.248333,17839.528409,91.946421,0,2779,859.25,751,450,690,223.67288,618,619,62,95,100,8,0,141,87.42,382.542
45.9,25.3125,42,0.328847,17839.535209,91.999247,0,2769,859.351869,750.763902,450,690,230.912914,618,622,62,95,100,8,0,141,87.42,384.396
46,25.3125,36,0.468972,17839.537278,91.891152,0,2779,861.865384,752.741586,450,690,234.125,617,625,62,95,100,8,0,141,87.42,385.625
46.1,25.3125,36.613375,0.529029,17839.539346,91.98449,0,2778,857.614746,748.682373,450,690,230.597869,617,628,62,95,100,8,0,141,87.42,387.476
46.2,25.3125,40,0.579593,17839.54287,91.967918,0,2768,861.786102,751.933326,450,690,224.891598,616,631,62,95,100,8,0,141,87.42,388.696
46.3,25.3125,40,0.709175,17839.547067,91.866887,0,2779,859.203682,749.601841,450,690,221.399796,616,635,62,95,100,8,0,141,87.42,391.16
46.4,25.3125,38.923148,0.740549,17839.550628,91.915741,0,2773,860.625,751,450,690,219.699682,615,638,62,95,100,8,0,141,87.42,392.37
46.5,25.3125,32.225948,0.680481,17839.552713,91.914953,0,2769,859.478056,749.989028,450,690,217.85375,616,625,62,95,100,8,0,141,87.42,385
46.6,25.3125,24.046101,0.610589,17839.554799,91.945571,0,2777,861.224734,751.1373,450,690,204.209783,617,612,62,95,100,8,0,141,87.42,377.604
46.7,25.3125,16.489079,0.579593,17839.556875,91.86545,0,2769,860.301157,749.213079,450,690,166.361548,617,598,62,95,100,8,0,141,87.42,368.966
46.8,25.3125,10.919011,0.452075,17839.55895,91.936064,0,2767,862.5,751.125,450,690,109.373997,618,585,62,95,100,8,0,141,87.42,361.53
46.9,25.3125,3.57289,0.368875,17839.560698,91.823111,0,2765,863,753.238056,450,690,55.810155,619,571,62,95,100,8,0,141,87.42,353.449
47,25.3125,0,0.2707,17839.562971,91.818986,0,2760,864.25,756.786428,450,690,24.802756,620,557,62,95,100,8,0,141,87.42,345.34
47.1,25.3125,0,0.230806,17839.565224,91.788909,0,2744,867.241614,761.91326,450,690,10.297946,621,544,62,95,100,8,0,141,87.42,337.824
47.2,25.3125,0,0.159672,17839.567302,91.697549,0,2763,869.197136,765.917676,450,690,4.09999,621,530,62,95,100,8,0,141,87.42,329.13
47.3,25.3125,0,0.121108,17839.569381,91.652587,0,2756,862.706531,761.581531,450,690,1.573865,622,517,62,95,100,8,0,141,87.42,321.574
47.4,25.3125,0,0.040352,17839.572924,91.553788,0,2746,869.325071,767.700071,450,690,0.537443,623,503,62,95,100,8,0,141,87.42,313.369
47.5,25.3125,0,4e-06,17839.577088,91.504325,0,2758,864.948925,764.161962,450,690,0.25,623,502,62,95,100,8,0,141,87.42,312.746
47.6,25.3125,0,-0.059567,17839.580626,91.333264,0,2743,868.500847,767.000423,450,690,0.125,623,502,62,95,100,8,0,141,87.42,312.746
47.7,25.3125,0,-0.04031,17839.582706,91.295792,0,2749,869.02243,766.89743,450,690,0,623,502,62,95,100,8,0,141,87.42,312.746
47.8,25.3125,0,4e-06,17839.584787,91.244572,0,2744,868.955696,766.352848,450,690,0,623,502,62,95,100,8,0,141,87.42,312.746
47.9,25.3125,0,0.039554,17839.585834,91.245251,0,2742,870.328598,767.328598,450,690,0,623,502,62,95,100,8,0,141,87.42,312.746
48,25.3125,0,0.009769,17839.5886,91.038197,0,2740,870.262316,766.818658,450,690,0,623,502,62,95,100,8,0,141,87.42,312.746
48.1,25.3125,0,0.009769,17839.59,91.036626,0,2737,872.75,768.760814,450,690,0,623,502,62,95,100,8,0,141,87.42,312.746
48.2,25.3125,0,4e-06,17839.59,91.039062,0,2740,870.375,766.5,450,690,0,623,502,62,95,100,8,0,141,87.42,312.746
48.3,25.3125,0,4e-06,17839.59,91.039062,0,2740,870.375,766.5,450,690,0,623,502,62,95,100,8,0,141,87.42,312.746
